category,question
Work and Team Building Table Topics Questions,What's one piece of advice you'd give to someone starting in your field?
Work and Team Building Table Topics Questions,If you could pick any fictional character to be your mentor at work who would it be?
Work and Team Building Table Topics Questions,What's your go-to productivity hack for busy days at work?
Work and Team Building Table Topics Questions,What's your favorite way to unwind after a long workday?
Work and Team Building Table Topics Questions,What's one team-building activity you think every company should try?
Work and Team Building Table Topics Questions,If you had to describe your role using only three emojis what would they be?
Work and Team Building Table Topics Questions,If our team were stranded on a deserted island who would you want to take charge?
Work and Team Building Table Topics Questions,If you could choose a fictional world for our next team-building retreat where would it be?
Work and Team Building Table Topics Questions,What's one team icebreaker question you've never been asked but wish someone would ask?
Work and Team Building Table Topics Questions,What's the most memorable team-building activity you've participated in?
Work and Team Building Table Topics Questions,If our team could only communicate through sounds what sound would best represent your personality?
Work and Team Building Table Topics Questions,What's your favorite childhood game that involved teamwork?
Work and Team Building Table Topics Questions,Do you have any coworkers — partners roommates siblings parents or pets?
Work and Team Building Table Topics Questions,Have your working hours changed as a result of remote work?
Work and Team Building Table Topics Questions,Do you prefer working remotely or working in an office?
Work and Team Building Table Topics Questions,What's your best WFH accessory?
Work and Team Building Table Topics Questions,What's your go-to WFH beverage?
Work and Team Building Table Topics Questions,Is there a spot in your house where you feel most productive?
Work and Team Building Table Topics Questions,If you could have any upgrade to your WFH setup what would it be?
Work and Team Building Table Topics Questions,What's your morning routine?
Work and Team Building Table Topics Questions,How often do you work in your PJs?
Funny Table Topics Questions,Who's the most famous person you've ever met — and how did you meet them?
Funny Table Topics Questions,What's your guilty pleasure?
Funny Table Topics Questions,What was your silliest fear when you were younger?
Funny Table Topics Questions,What's your current desktop or phone wallpaper and why did you choose it?
Funny Table Topics Questions,If you had to give your car a name what would it be?
Funny Table Topics Questions,What's your favorite knock-knock joke?
Funny Table Topics Questions,If you could host any talk show which one would you pick?
Funny Table Topics Questions,What was your best Halloween costume — and what was your worst?
Funny Table Topics Questions,What's the last thing you got in trouble for?
Funny Table Topics Questions,If you could bring back any fashion trend or old slang which would you choose?
Funny Table Topics Questions,If you had to talk like a cartoon character for the rest of your life who would you choose?
Funny Table Topics Questions,What's the worst piece of advice you've ever been given?
Funny Table Topics Questions,If you had to eat a crayon what color would you choose?
Random and Fun Table Topics Questions,What game show do you think you could win?
Random and Fun Table Topics Questions,If you could only use one emoji for the rest of your life what would it be?
Random and Fun Table Topics Questions,What's your favorite movie quote?
Random and Fun Table Topics Questions,What's something you think is totally overrated?
Random and Fun Table Topics Questions,What book do you wish you could read for the first time again?
Random and Fun Table Topics Questions,Name one movie you think should have a sequel.
Random and Fun Table Topics Questions,If you had to email the CEO an emoji right now which one would you use?
Random and Fun Table Topics Questions,What was the first thing you thought about this morning?
Random and Fun Table Topics Questions,What has been the best day of your life so far?
Random and Fun Table Topics Questions,If aliens landed on Earth who would you recommend they talk to?
Random and Fun Table Topics Questions,Is a hotdog a sandwich?
Random and Fun Table Topics Questions,What's your favorite TV show?
Random and Fun Table Topics Questions,What's your favorite movie?
Random and Fun Table Topics Questions,What's your favorite song?
Random and Fun Table Topics Questions,What's your favorite genre of music?
Random and Fun Table Topics Questions,Are you a dog person a cat person or both?
Random and Fun Table Topics Questions,What was your first concert — and what was the best concert you've ever been to?
Random and Fun Table Topics Questions,If you were stranded on a deserted island what one book or object would you bring?
Random and Fun Table Topics Questions,What are you passionate about outside of work?
Would You Rather Table Topics Questions,Would you rather go on a relaxing vacation or an adventure hike?
Would You Rather Table Topics Questions,Would you rather be a member of the Avengers or the Justice League?
Would You Rather Table Topics Questions,Would you rather star in a romance-based or adventure-based reality TV show?
Would You Rather Table Topics Questions,Would you rather have a theme song for your life or a constant soundtrack playing in the background?
Would You Rather Table Topics Questions,Would you rather be a superhero or the world's best chef?
Would You Rather Table Topics Questions,Would you rather sing karaoke with your department head or be on a group call with the CEO and your parents?
This or That Table Topics Questions,Work from home or work from the office?
Personal Table Topics Questions,What's your favorite local restaurant and why?
Personal Table Topics Questions,When was the last time you did something for the first time?
Personal Table Topics Questions,What's the most surprising thing that's happened to you in another state or country?
Personal Table Topics Questions,Tell us something about yourself that would surprise most people who know you.
Personal Table Topics Questions,Describe an experience that changed your values.
Personal Table Topics Questions,Do you have any siblings — are you the eldest middle or youngest?
Personal Table Topics Questions,Where did you grow up?
Personal Table Topics Questions,Did you have any pets as a kid?
Personal Table Topics Questions,Did you play sports as a kid — do you still?
Personal Table Topics Questions,Do you speak any other languages?
Personal Table Topics Questions,What's your favorite place in the world?
Personal Table Topics Questions,What was your favorite cartoon as a kid?
Personal Table Topics Questions,What's a piece of advice your parents or grandparents gave you that you'd pass on?
Personal Table Topics Questions,What were your favorite subjects in school?
Personal Table Topics Questions,Did you have an imaginary best friend growing up — what were they like?
Personal Table Topics Questions,Have you ever been mistaken for someone famous?
Personal Table Topics Questions,What book are you currently reading — and what's your all-time favorite?
Personal Table Topics Questions,If you were granted three wishes what would they be?
Personal Table Topics Questions,What's the greatest gift you've ever received — and the best one you've ever given?
Personal Table Topics Questions,If you could master any new musical instrument instantly what would it be?
Thought-Provoking Table Topics Questions,What does success mean to you outside of work?
Thought-Provoking Table Topics Questions,What's one of your core values?
Thought-Provoking Table Topics Questions,What's something you're grateful for this week?
Thought-Provoking Table Topics Questions,What's a challenge you've overcome that you're proud of?
Imaginative Table Topics Questions,If you had to live inside a video game which one would it be?
Imaginative Table Topics Questions,If you could remove one word from the dictionary what would it be?
Imaginative Table Topics Questions,If you could control one element — air water earth or fire — which would it be and why?
Imaginative Table Topics Questions,If you had to live inside a Disney movie which would you choose?
Imaginative Table Topics Questions,If you could only watch one movie for the rest of your life what would it be?
Imaginative Table Topics Questions,If you could only listen to one album for the rest of your life which would you choose?
Imaginative Table Topics Questions,If you were a potato how would you like to be cooked?
Imaginative Table Topics Questions,You have 20 minutes to plan for the zombie apocalypse — what do you do?
Family-Friendly Table Topics Questions,Have you ever traveled outside of the country?
Family-Friendly Table Topics Questions,Snow or sand?
Family-Friendly Table Topics Questions,Where did you go the first time you remember traveling?
Family-Friendly Table Topics Questions,What's your favorite thing to do locally?
Family-Friendly Table Topics Questions,What's your favorite breakfast food?
Family-Friendly Table Topics Questions,What are your favorite pizza toppings?
Family-Friendly Table Topics Questions,What's your favorite type of ice cream?
Random and Fun Table Topics Questions,What's your favorite happy hour drink?
Random and Fun Table Topics Questions,If you could name a cocktail what would you call it?
Family-Friendly Table Topics Questions,What's your favorite fast food restaurant?
Family-Friendly Table Topics Questions,Was there ever a food you refused to eat but loved once you tried it?
